Seita.5G041000,TGCCACAAATGGCCG,0,
Seita.J031300,TCTGCACCAA,1,
Seita.7G041000,TATGGCCG,0,
Seita.u031300,TCTCTCTCA,1,
Seita.eG041000,TGCCACAAATGGAATGGAATGGCCG,0,
Seita.k031300,TCTGCACAATGCACAACAACCAA,1,
Seita.5G041000,TGCCACAAATGGCCG,0,
Seita.J031300,TCTGCACCAA,1,
Seita.7G041000,TATGGCCG,0,
Seita.u031300,TCTCTCTCA,1,
Seita.eG041000,TGCCACAAATGGAATGGAATGGCCG,0,
Seita.k031300,TCTGCACAATGCACAACAACCAA,1,
Seita.5G041000,TGCCACAAATGGCCG,0,
Seita.J031300,TCTGCACCAA,1,
Seita.7G041000,TATGGCCG,0,
Seita.u031300,TCTCTCTCA,1,
Seita.eG041000,TGCCACAAATGGAATGGAATGGCCG,0,
Seita.k031300,TCTGCACAATGCACAACAACCAA,1,
Seita.5G041000,TGCCACAAATGGCCG,0,
Seita.J031300,TCTGCACCAA,1,
Seita.7G041000,TATGGCCG,0,
Seita.u031300,TCTCTCTCA,1,
Seita.eG041000,TGCCACAAATGGAATGGAATGGCCG,0,
Seita.k031300,TCTGCACAATGCACAACAACCAA,1,
Seita.5G041000,TGCCACAAATGGCCG,0,
Seita.J031300,TCTGCACCAA,1,
Seita.7G041000,TATGGCCG,0,
Seita.u031300,TCTCTCTCA,1,
Seita.eG041000,TGCCACAAATGGAATGGAATGGCCG,0,
Seita.k031300,TCTGCACAATGCACAACAACCAA,1,
Seita.5G041000,TGCCACAAATGGCCG,0,
Seita.J031300,TCTGCACCAA,1,
Seita.7G041000,TATGGCCG,0,
Seita.u031300,TCTCTCTCA,1,
Seita.eG041000,TGCCACAAATGGAATGGAATGGCCG,0,
Seita.k031300,TCTGCACAATGCACAACAACCAA,1,
Seita.5G041000,TGCCACAAATGGCCG,0,
Seita.J031300,TCTGCACCAA,1,
Seita.7G041000,TATGGCCG,0,
Seita.u031300,TCTCTCTCA,1,
Seita.eG041000,TGCCACAAATGGAATGGAATGGCCG,0,
Seita.k031300,TCTGCACAATGCACAACAACCAA,1,
Seita.5G041000,TGCCACAAATGGCCG,0,
Seita.J031300,TCTGCACCAA,1,
Seita.7G041000,TATGGCCG,0,
Seita.u031300,TCTCTCTCA,1,
Seita.eG041000,TGCCACAAATGGAATGGAATGGCCG,0,
Seita.k031300,TCTGCACAATGCACAACAACCAA,1,
Seita.5G041000,TGCCACAAATGGCCG,0,
Seita.J031300,TCTGCACCAA,1,
Seita.7G041000,TATGGCCG,0,
Seita.u031300,TCTCTCTCA,1,
Seita.eG041000,TGCCACAAATGGAATGGAATGGCCG,0,
Seita.k031300,TCTGCACAATGCACAACAACCAA,1,
Seita.5G041000,TGCCACAAATGGCCG,0,
Seita.J031300,TCTGCACCAA,1,
Seita.7G041000,TATGGCCG,0,
Seita.u031300,TCTCTCTCA,1,
Seita.eG041000,TGCCACAAATGGAATGGAATGGCCG,0,
Seita.k031300,TCTGCACAATGCACAACAACCAA,1,
Seita.5G041000,TGCCACAAATGGCCG,0,
Seita.J031300,TCTGCACCAA,1,
Seita.7G041000,TATGGCCG,0,
Seita.u031300,TCTCTCTCA,1,
Seita.eG041000,TGCCACAAATGGAATGGAATGGCCG,0,
Seita.k031300,TCTGCACAATGCACAACAACCAA,1,
Seita.5G041000,TGCCACAAATGGCCG,0,
Seita.J031300,TCTGCACCAA,1,
Seita.7G041000,TATGGCCG,0,
Seita.u031300,TCTCTCTCA,1,
Seita.eG041000,TGCCACAAATGGAATGGAATGGCCG,0,
Seita.k031300,TCTGCACAATGCACAACAACCAA,1,
Seita.5G041000,TGCCACAAATGGCCG,0,
Seita.J031300,TCTGCACCAA,1,
Seita.7G041000,TATGGCCG,0,
Seita.u031300,TCTCTCTCA,1,
Seita.eG041000,TGCCACAAATGGAATGGAATGGCCG,0,
Seita.k031300,TCTGCACAATGCACAACAACCAA,1,
Seita.5G041000,TGCCACAAATGGCCG,0,
Seita.J031300,TCTGCACCAA,1,
Seita.7G041000,TATGGCCG,0,
Seita.u031300,TCTCTCTCA,1,
Seita.eG041000,TGCCACAAATGGAATGGAATGGCCG,0,
Seita.k031300,TCTGCACAATGCACAACAACCAA,1,
Seita.5G041000,TGCCACAAATGGCCG,0,
Seita.J031300,TCTGCACCAA,1,
Seita.7G041000,TATGGCCG,0,
Seita.u031300,TCTCTCTCA,1,
Seita.eG041000,TGCCACAAATGGAATGGAATGGCCG,0,
Seita.k031300,TCTGCACAATGCACAACAACCAA,1,
Seita.5G041000,TGCCACAAATGGCCG,0,
Seita.J031300,TCTGCACCAA,1,
Seita.7G041000,TATGGCCG,0,
Seita.u031300,TCTCTCTCA,1,
Seita.eG041000,TGCCACAAATGGAATGGAATGGCCG,0,
Seita.k031300,TCTGCACAATGCACAACAACCAA,1,
